match_id,event_id,date,home_name,away_name,regulation_home_goals,regulation_away_goals,regulation_result_key,after_extra_home_goals,after_extra_away_goals,final_home_goals,final_away_goals,advance_result_key,status_name,status_description,status_detail,source
schedule-760416,760416,2026-06-12T19:00Z,Canada,Bosnia-Herzegovina,1,1,draw,1,1,1,1,draw,STATUS_FULL_TIME,Full Time,FT,ESPN FIFA World Cup scoreboard
schedule-760417,760417,2026-06-13T01:00Z,United States,Paraguay,4,1,home,4,1,4,1,home,STATUS_FULL_TIME,Full Time,FT,ESPN FIFA World Cup scoreboard
schedule-760418,760418,2026-06-14T01:00Z,Haiti,Scotland,0,1,away,0,1,0,1,away,STATUS_FULL_TIME,Full Time,FT,ESPN FIFA World Cup scoreboard
schedule-760419,760419,2026-06-13T22:00Z,Brazil,Morocco,1,1,draw,1,1,1,1,draw,STATUS_FULL_TIME,Full Time,FT,ESPN FIFA World Cup scoreboard
schedule-760420,760420,2026-06-13T19:00Z,Qatar,Switzerland,1,1,draw,1,1,1,1,draw,STATUS_FULL_TIME,Full Time,FT,ESPN FIFA World Cup scoreboard
schedule-760421,760421,2026-06-14T04:00Z,Australia,Türkiye,2,0,home,2,0,2,0,home,STATUS_FULL_TIME,Full Time,FT,ESPN FIFA World Cup scoreboard
schedule-760422,760422,2026-06-14T17:00Z,Germany,Curaçao,7,1,home,7,1,7,1,home,STATUS_FULL_TIME,Full Time,FT,ESPN FIFA World Cup scoreboard
schedule-760423,760423,2026-06-14T23:00Z,Ivory Coast,Ecuador,1,0,home,1,0,1,0,home,STATUS_FULL_TIME,Full Time,FT,ESPN FIFA World Cup scoreboard
schedule-760424,760424,2026-06-15T02:00Z,Sweden,Tunisia,5,1,home,5,1,5,1,home,STATUS_FULL_TIME,Full Time,FT,ESPN FIFA World Cup scoreboard
schedule-760425,760425,2026-06-14T20:00Z,Netherlands,Japan,2,2,draw,2,2,2,2,draw,STATUS_FULL_TIME,Full Time,FT,ESPN FIFA World Cup scoreboard
schedule-760426,760426,2026-06-15T19:00Z,Belgium,Egypt,1,1,draw,1,1,1,1,draw,STATUS_FULL_TIME,Full Time,FT,ESPN FIFA World Cup scoreboard
schedule-760427,760427,2026-06-16T01:00Z,Iran,New Zealand,2,2,draw,2,2,2,2,draw,STATUS_FULL_TIME,Full Time,FT,ESPN FIFA World Cup scoreboard
schedule-760428,760428,2026-06-15T16:00Z,Spain,Cape Verde,0,0,draw,0,0,0,0,draw,STATUS_FULL_TIME,Full Time,FT,ESPN FIFA World Cup scoreboard
schedule-760429,760429,2026-06-15T22:00Z,Saudi Arabia,Uruguay,1,1,draw,1,1,1,1,draw,STATUS_FULL_TIME,Full Time,FT,ESPN FIFA World Cup scoreboard
schedule-760430,760430,2026-06-16T22:00Z,Iraq,Norway,1,4,away,1,4,1,4,away,STATUS_FULL_TIME,Full Time,FT,ESPN FIFA World Cup scoreboard
schedule-760431,760431,2026-06-17T04:00Z,Austria,Jordan,3,1,home,3,1,3,1,home,STATUS_FULL_TIME,Full Time,FT,ESPN FIFA World Cup scoreboard
schedule-760432,760432,2026-06-16T19:00Z,France,Senegal,3,1,home,3,1,3,1,home,STATUS_FULL_TIME,Full Time,FT,ESPN FIFA World Cup scoreboard
schedule-760433,760433,2026-06-17T01:00Z,Argentina,Algeria,3,0,home,3,0,3,0,home,STATUS_FULL_TIME,Full Time,FT,ESPN FIFA World Cup scoreboard
schedule-760434,760434,2026-06-17T23:00Z,Ghana,Panama,1,0,home,1,0,1,0,home,STATUS_FULL_TIME,Full Time,FT,ESPN FIFA World Cup scoreboard
schedule-760435,760435,2026-06-17T17:00Z,Portugal,Congo DR,1,1,draw,1,1,1,1,draw,STATUS_FULL_TIME,Full Time,FT,ESPN FIFA World Cup scoreboard
schedule-760436,760436,2026-06-18T02:00Z,Uzbekistan,Colombia,1,3,away,1,3,1,3,away,STATUS_FULL_TIME,Full Time,FT,ESPN FIFA World Cup scoreboard
schedule-760437,760437,2026-06-17T20:00Z,England,Croatia,4,2,home,4,2,4,2,home,STATUS_FULL_TIME,Full Time,FT,ESPN FIFA World Cup scoreboard
schedule-760438,760438,2026-06-18T16:00Z,Czechia,South Africa,1,1,draw,1,1,1,1,draw,STATUS_FULL_TIME,Full Time,FT,ESPN FIFA World Cup scoreboard
schedule-760439,760439,2026-06-18T19:00Z,Switzerland,Bosnia-Herzegovina,4,1,home,4,1,4,1,home,STATUS_FULL_TIME,Full Time,FT,ESPN FIFA World Cup scoreboard
schedule-760440,760440,2026-06-18T22:00Z,Canada,Qatar,6,0,home,6,0,6,0,home,STATUS_FULL_TIME,Full Time,FT,ESPN FIFA World Cup scoreboard
schedule-760441,760441,2026-06-19T01:00Z,Mexico,South Korea,1,0,home,1,0,1,0,home,STATUS_FULL_TIME,Full Time,FT,ESPN FIFA World Cup scoreboard
schedule-760442,760442,2026-06-19T19:00Z,United States,Australia,2,0,home,2,0,2,0,home,STATUS_FULL_TIME,Full Time,FT,ESPN FIFA World Cup scoreboard
schedule-760443,760443,2026-06-20T03:00Z,Türkiye,Paraguay,0,1,away,0,1,0,1,away,STATUS_FULL_TIME,Full Time,FT,ESPN FIFA World Cup scoreboard
schedule-760444,760444,2026-06-20T00:30Z,Brazil,Haiti,3,0,home,3,0,3,0,home,STATUS_FULL_TIME,Full Time,FT,ESPN FIFA World Cup scoreboard
schedule-760445,760445,2026-06-19T22:00Z,Scotland,Morocco,0,1,away,0,1,0,1,away,STATUS_FULL_TIME,Full Time,FT,ESPN FIFA World Cup scoreboard
schedule-760446,760446,2026-06-21T00:00Z,Ecuador,Curaçao,0,0,draw,0,0,0,0,draw,STATUS_FULL_TIME,Full Time,FT,ESPN FIFA World Cup scoreboard
schedule-760447,760447,2026-06-20T17:00Z,Netherlands,Sweden,5,1,home,5,1,5,1,home,STATUS_FULL_TIME,Full Time,FT,ESPN FIFA World Cup scoreboard
schedule-760448,760448,2026-06-20T20:00Z,Germany,Ivory Coast,2,1,home,2,1,2,1,home,STATUS_FULL_TIME,Full Time,FT,ESPN FIFA World Cup scoreboard
schedule-760449,760449,2026-06-21T04:00Z,Tunisia,Japan,0,4,away,0,4,0,4,away,STATUS_FULL_TIME,Full Time,FT,ESPN FIFA World Cup scoreboard
schedule-760450,760450,2026-06-21T22:00Z,Uruguay,Cape Verde,2,2,draw,2,2,2,2,draw,STATUS_FULL_TIME,Full Time,FT,ESPN FIFA World Cup scoreboard
schedule-760451,760451,2026-06-21T19:00Z,Belgium,Iran,0,0,draw,0,0,0,0,draw,STATUS_FULL_TIME,Full Time,FT,ESPN FIFA World Cup scoreboard
schedule-760452,760452,2026-06-22T01:00Z,New Zealand,Egypt,1,3,away,1,3,1,3,away,STATUS_FULL_TIME,Full Time,FT,ESPN FIFA World Cup scoreboard
schedule-760453,760453,2026-06-21T16:00Z,Spain,Saudi Arabia,4,0,home,4,0,4,0,home,STATUS_FULL_TIME,Full Time,FT,ESPN FIFA World Cup scoreboard
schedule-760454,760454,2026-06-23T00:00Z,Norway,Senegal,3,2,home,3,2,3,2,home,STATUS_FULL_TIME,Full Time,FT,ESPN FIFA World Cup scoreboard
schedule-760455,760455,2026-06-23T03:00Z,Jordan,Algeria,1,2,away,1,2,1,2,away,STATUS_FULL_TIME,Full Time,FT,ESPN FIFA World Cup scoreboard
schedule-760456,760456,2026-06-22T17:00Z,Argentina,Austria,2,0,home,2,0,2,0,home,STATUS_FULL_TIME,Full Time,FT,ESPN FIFA World Cup scoreboard
schedule-760457,760457,2026-06-22T21:00Z,France,Iraq,3,0,home,3,0,3,0,home,STATUS_FULL_TIME,Full Time,FT,ESPN FIFA World Cup scoreboard
schedule-760458,760458,2026-06-23T20:00Z,England,Ghana,0,0,draw,0,0,0,0,draw,STATUS_FULL_TIME,Full Time,FT,ESPN FIFA World Cup scoreboard
schedule-760459,760459,2026-06-24T02:00Z,Colombia,Congo DR,1,0,home,1,0,1,0,home,STATUS_FULL_TIME,Full Time,FT,ESPN FIFA World Cup scoreboard
schedule-760460,760460,2026-06-23T23:00Z,Panama,Croatia,0,1,away,0,1,0,1,away,STATUS_FULL_TIME,Full Time,FT,ESPN FIFA World Cup scoreboard
schedule-760461,760461,2026-06-23T17:00Z,Portugal,Uzbekistan,5,0,home,5,0,5,0,home,STATUS_FULL_TIME,Full Time,FT,ESPN FIFA World Cup scoreboard
schedule-760462,760462,2026-06-24T19:00Z,Bosnia-Herzegovina,Qatar,3,1,home,3,1,3,1,home,STATUS_FULL_TIME,Full Time,FT,ESPN FIFA World Cup scoreboard
schedule-760463,760463,2026-06-24T19:00Z,Switzerland,Canada,2,1,home,2,1,2,1,home,STATUS_FULL_TIME,Full Time,FT,ESPN FIFA World Cup scoreboard
schedule-760464,760464,2026-06-24T22:00Z,Morocco,Haiti,4,2,home,4,2,4,2,home,STATUS_FULL_TIME,Full Time,FT,ESPN FIFA World Cup scoreboard
schedule-760465,760465,2026-06-24T22:00Z,Scotland,Brazil,0,3,away,0,3,0,3,away,STATUS_FULL_TIME,Full Time,FT,ESPN FIFA World Cup scoreboard
schedule-760466,760466,2026-06-25T01:00Z,South Africa,South Korea,1,0,home,1,0,1,0,home,STATUS_FULL_TIME,Full Time,FT,ESPN FIFA World Cup scoreboard
schedule-760467,760467,2026-06-25T01:00Z,Czechia,Mexico,0,3,away,0,3,0,3,away,STATUS_FULL_TIME,Full Time,FT,ESPN FIFA World Cup scoreboard
schedule-760468,760468,2026-06-25T20:00Z,Ecuador,Germany,2,1,home,2,1,2,1,home,STATUS_FULL_TIME,Full Time,FT,ESPN FIFA World Cup scoreboard
schedule-760469,760469,2026-06-26T02:00Z,Paraguay,Australia,0,0,draw,0,0,0,0,draw,STATUS_FULL_TIME,Full Time,FT,ESPN FIFA World Cup scoreboard
schedule-760470,760470,2026-06-26T02:00Z,Türkiye,United States,3,2,home,3,2,3,2,home,STATUS_FULL_TIME,Full Time,FT,ESPN FIFA World Cup scoreboard
schedule-760471,760471,2026-06-25T23:00Z,Japan,Sweden,1,1,draw,1,1,1,1,draw,STATUS_FULL_TIME,Full Time,FT,ESPN FIFA World Cup scoreboard
schedule-760472,760472,2026-06-25T23:00Z,Tunisia,Netherlands,1,3,away,1,3,1,3,away,STATUS_FULL_TIME,Full Time,FT,ESPN FIFA World Cup scoreboard
schedule-760473,760473,2026-06-25T20:00Z,Curaçao,Ivory Coast,0,2,away,0,2,0,2,away,STATUS_FULL_TIME,Full Time,FT,ESPN FIFA World Cup scoreboard
schedule-760474,760474,2026-06-26T19:00Z,Senegal,Iraq,5,0,home,5,0,5,0,home,STATUS_FULL_TIME,Full Time,FT,ESPN FIFA World Cup scoreboard
schedule-760475,760475,2026-06-26T19:00Z,Norway,France,1,4,away,1,4,1,4,away,STATUS_FULL_TIME,Full Time,FT,ESPN FIFA World Cup scoreboard
schedule-760476,760476,2026-06-27T03:00Z,Egypt,Iran,1,1,draw,1,1,1,1,draw,STATUS_FULL_TIME,Full Time,FT,ESPN FIFA World Cup scoreboard
schedule-760477,760477,2026-06-27T03:00Z,New Zealand,Belgium,1,5,away,1,5,1,5,away,STATUS_FULL_TIME,Full Time,FT,ESPN FIFA World Cup scoreboard
schedule-760478,760478,2026-06-27T00:00Z,Cape Verde,Saudi Arabia,0,0,draw,0,0,0,0,draw,STATUS_FULL_TIME,Full Time,FT,ESPN FIFA World Cup scoreboard
schedule-760479,760479,2026-06-27T00:00Z,Uruguay,Spain,0,1,away,0,1,0,1,away,STATUS_FULL_TIME,Full Time,FT,ESPN FIFA World Cup scoreboard
schedule-760480,760480,2026-06-27T21:00Z,Croatia,Ghana,2,1,home,2,1,2,1,home,STATUS_FULL_TIME,Full Time,FT,ESPN FIFA World Cup scoreboard
schedule-760481,760481,2026-06-27T23:30Z,Colombia,Portugal,0,0,draw,0,0,0,0,draw,STATUS_FULL_TIME,Full Time,FT,ESPN FIFA World Cup scoreboard
schedule-760482,760482,2026-06-27T23:30Z,Congo DR,Uzbekistan,3,1,home,3,1,3,1,home,STATUS_FULL_TIME,Full Time,FT,ESPN FIFA World Cup scoreboard
schedule-760483,760483,2026-06-28T02:00Z,Jordan,Argentina,1,3,away,1,3,1,3,away,STATUS_FULL_TIME,Full Time,FT,ESPN FIFA World Cup scoreboard
schedule-760484,760484,2026-06-28T02:00Z,Algeria,Austria,3,3,draw,3,3,3,3,draw,STATUS_FULL_TIME,Full Time,FT,ESPN FIFA World Cup scoreboard
schedule-760485,760485,2026-06-27T21:00Z,Panama,England,0,2,away,0,2,0,2,away,STATUS_FULL_TIME,Full Time,FT,ESPN FIFA World Cup scoreboard
schedule-760486,760486,2026-06-28T19:00Z,South Africa,Canada,0,1,away,0,1,0,1,away,STATUS_FULL_TIME,Full Time,FT,ESPN FIFA World Cup scoreboard
schedule-760487,760487,2026-06-29T17:00Z,Brazil,Japan,2,1,home,2,1,2,1,home,STATUS_FULL_TIME,Full Time,FT,ESPN FIFA World Cup scoreboard
schedule-760488,760488,2026-06-30T01:00Z,Netherlands,Morocco,1,1,draw,1,1,1,1,away,STATUS_FINAL_PEN,Final Score - After Penalties,FT-Pens,ESPN FIFA World Cup scoreboard
schedule-760489,760489,2026-06-29T20:30Z,Germany,Paraguay,1,1,draw,1,1,1,1,away,STATUS_FINAL_PEN,Final Score - After Penalties,FT-Pens,ESPN FIFA World Cup scoreboard
schedule-760490,760490,2026-06-30T17:00Z,Ivory Coast,Norway,1,2,away,1,2,1,2,away,STATUS_FULL_TIME,Full Time,FT,ESPN FIFA World Cup scoreboard
schedule-760491,760491,2026-07-01T02:00Z,Mexico,Ecuador,2,0,home,2,0,2,0,home,STATUS_FULL_TIME,Full Time,FT,ESPN FIFA World Cup scoreboard
schedule-760492,760492,2026-06-30T21:00Z,France,Sweden,3,0,home,3,0,3,0,home,STATUS_FULL_TIME,Full Time,FT,ESPN FIFA World Cup scoreboard
schedule-760493,760493,2026-07-01T20:00Z,Belgium,Senegal,3,2,home,3,2,3,2,home,STATUS_FINAL_AET,Final Score - After Extra Time,AET,ESPN FIFA World Cup scoreboard
schedule-760494,760494,2026-07-02T00:00Z,United States,Bosnia-Herzegovina,2,0,home,2,0,2,0,home,STATUS_FULL_TIME,Full Time,FT,ESPN FIFA World Cup scoreboard
schedule-760495,760495,2026-07-01T16:00Z,England,Congo DR,2,1,home,2,1,2,1,home,STATUS_FULL_TIME,Full Time,FT,ESPN FIFA World Cup scoreboard
schedule-760496,760496,2026-07-02T23:00Z,Portugal,Croatia,2,1,home,2,1,2,1,home,STATUS_FULL_TIME,Full Time,FT,ESPN FIFA World Cup scoreboard
schedule-760497,760497,2026-07-02T19:00Z,Spain,Austria,3,0,home,3,0,3,0,home,STATUS_FULL_TIME,Full Time,FT,ESPN FIFA World Cup scoreboard
schedule-760498,760498,2026-07-03T03:00Z,Switzerland,Algeria,2,0,home,2,0,2,0,home,STATUS_FULL_TIME,Full Time,FT,ESPN FIFA World Cup scoreboard
schedule-760499,760499,2026-07-03T18:00Z,Australia,Egypt,1,1,draw,1,1,1,1,away,STATUS_FINAL_PEN,Final Score - After Penalties,FT-Pens,ESPN FIFA World Cup scoreboard
schedule-760500,760500,2026-07-03T22:00Z,Argentina,Cape Verde,3,2,home,3,2,3,2,home,STATUS_FINAL_AET,Final Score - After Extra Time,AET,ESPN FIFA World Cup scoreboard
schedule-760501,760501,2026-07-04T01:30Z,Colombia,Ghana,1,0,home,1,0,1,0,home,STATUS_FULL_TIME,Full Time,FT,ESPN FIFA World Cup scoreboard
schedule-760502,760502,2026-07-04T17:00Z,Canada,Morocco,0,3,away,0,3,0,3,away,STATUS_FULL_TIME,Full Time,FT,ESPN FIFA World Cup scoreboard
schedule-760503,760503,2026-07-04T21:00Z,Paraguay,France,0,1,away,0,1,0,1,away,STATUS_FULL_TIME,Full Time,FT,ESPN FIFA World Cup scoreboard
schedule-760504,760504,2026-07-05T20:00Z,Brazil,Norway,1,2,away,1,2,1,2,away,STATUS_FULL_TIME,Full Time,FT,ESPN FIFA World Cup scoreboard
schedule-760505,760505,2026-07-06T01:00Z,Mexico,England,2,3,away,2,3,2,3,away,STATUS_FULL_TIME,Full Time,FT,ESPN FIFA World Cup scoreboard
schedule-760506,760506,2026-07-06T19:00Z,Portugal,Spain,0,1,away,0,1,0,1,away,STATUS_FULL_TIME,Full Time,FT,ESPN FIFA World Cup scoreboard
schedule-760507,760507,2026-07-07T00:00Z,United States,Belgium,1,4,away,1,4,1,4,away,STATUS_FULL_TIME,Full Time,FT,ESPN FIFA World Cup scoreboard
schedule-760508,760508,2026-07-07T20:00Z,Switzerland,Colombia,0,0,draw,0,0,0,0,home,STATUS_FINAL_PEN,Final Score - After Penalties,FT-Pens,ESPN FIFA World Cup scoreboard
schedule-760509,760509,2026-07-07T16:00Z,Argentina,Egypt,3,2,home,3,2,3,2,home,STATUS_FULL_TIME,Full Time,FT,ESPN FIFA World Cup scoreboard
schedule-760510,760510,2026-07-09T20:00Z,France,Morocco,2,0,home,2,0,2,0,home,STATUS_FULL_TIME,Full Time,FT,ESPN FIFA World Cup scoreboard
schedule-760511,760511,2026-07-10T19:00Z,Spain,Belgium,2,1,home,2,1,2,1,home,STATUS_FULL_TIME,Full Time,FT,ESPN FIFA World Cup scoreboard
schedule-760512,760512,2026-07-11T21:00Z,Norway,England,1,2,away,1,2,1,2,away,STATUS_FINAL_AET,Final Score - After Extra Time,AET,ESPN FIFA World Cup scoreboard
schedule-760513,760513,2026-07-12T01:00Z,Argentina,Switzerland,3,1,home,3,1,3,1,home,STATUS_FINAL_AET,Final Score - After Extra Time,AET,ESPN FIFA World Cup scoreboard
schedule-760514,760514,2026-07-14T19:00Z,France,Spain,0,2,away,0,2,0,2,away,STATUS_FULL_TIME,Full Time,FT,ESPN FIFA World Cup scoreboard
schedule-760515,760515,2026-07-15T19:00Z,England,Argentina,1,2,away,1,2,1,2,away,STATUS_FULL_TIME,Full Time,FT,ESPN FIFA World Cup scoreboard
schedule-760516,760516,2026-07-18T21:00Z,France,England,4,6,away,4,6,4,6,away,STATUS_FULL_TIME,Full Time,FT,ESPN FIFA World Cup scoreboard
schedule-760517,760517,2026-07-19T19:00Z,Spain,Argentina,1,0,home,1,0,1,0,home,STATUS_FINAL_AET,Final Score - After Extra Time,AET,ESPN FIFA World Cup scoreboard
