match_id,match,captured_at,minute,data_quality,home_score,away_score,current_total_goals,score_diff_home,abs_score_diff,current_draw,current_btts,home_shots,away_shots,shots_total,shot_diff_home,sot_total,sot_diff_home,corners_total,corner_diff_home,possession_diff_home,pressure_diff_home,leader_pressure,remaining_goals,any_later_goal,later_goal_home_edge,final_home_win,final_away_win,final_draw,final_over25,final_btts,leader_held,draw_stayed
schedule-760498,瑞士 vs 阿尔及利亚,2026-07-03T04:11:55.585Z,51,synced,2,0,2,2,2,0,0,5,6,11,-1,5,1,3,1,-16.799999999999997,0.5960000000000002,0.5960000000000002,0,0,0,1,0,0,0,0,1,
schedule-760498,瑞士 vs 阿尔及利亚,2026-07-03T04:30:14.115Z,69,synced,2,0,2,2,2,0,0,6,6,12,0,5,1,5,3,-13.200000000000003,1.7539999999999998,1.7539999999999998,0,0,0,1,0,0,0,0,1,
schedule-760500,阿根廷 vs 佛得角,2026-07-03T23:28:04.321Z,67,synced,1,1,2,0,0,1,1,6,5,11,1,6,2,3,-1,28.599999999999994,3.058,,3,1,1,1,0,0,1,1,,0
schedule-760503,巴拉圭 vs 法国,2026-07-04T21:51:05.856Z,45,synced,0,0,0,0,0,1,0,2,5,7,-3,1,-1,7,-7,-59.199999999999996,-6.3759999999999994,,1,1,0,0,1,0,0,0,,0
schedule-760506,葡萄牙 vs 西班牙,2026-07-06T19:44:37.734Z,44,synced,0,0,0,0,0,1,0,5,7,12,-2,5,-1,5,1,-9.400000000000006,-1.7320000000000002,,1,1,0,0,1,0,0,0,,0
schedule-760507,美国 vs 比利时,2026-07-07T00:34:00.578Z,34,synced,1,2,3,-1,1,0,1,1,7,8,-6,4,-2,1,-1,-12.400000000000006,-5.021999999999999,5.021999999999999,2,1,0,0,1,0,1,1,1,
schedule-760507,美国 vs 比利时,2026-07-07T00:35:06.474Z,34,synced,1,2,3,-1,1,0,1,1,8,9,-7,5,-3,1,-1,-14.200000000000003,-6.526,6.526,2,1,0,0,1,0,1,1,1,
schedule-760507,美国 vs 比利时,2026-07-07T00:35:53.236Z,35,synced,1,2,3,-1,1,0,1,1,8,9,-7,5,-3,1,-1,-13.599999999999994,-6.507999999999999,6.507999999999999,2,1,0,0,1,0,1,1,1,
schedule-760507,美国 vs 比利时,2026-07-07T00:37:52.212Z,37,synced,1,2,3,-1,1,0,1,1,8,9,-7,5,-3,1,-1,-14.400000000000006,-6.532,6.532,2,1,0,0,1,0,1,1,1,
schedule-760507,美国 vs 比利时,2026-07-07T00:39:08.680Z,39,synced,1,2,3,-1,1,0,1,1,8,9,-7,5,-3,2,-2,-12.200000000000003,-6.816,6.816,2,1,0,0,1,0,1,1,1,
schedule-760507,美国 vs 比利时,2026-07-07T00:40:09.745Z,40,synced,1,2,3,-1,1,0,1,1,8,9,-7,5,-3,2,-2,-12.200000000000003,-6.816,6.816,2,1,0,0,1,0,1,1,1,
schedule-760507,美国 vs 比利时,2026-07-07T00:49:45.145Z,45,synced,1,2,3,-1,1,0,1,3,11,14,-8,6,-4,4,-2,-9.0,-8.17,8.17,2,1,0,0,1,0,1,1,1,
schedule-760507,美国 vs 比利时,2026-07-07T00:50:27.133Z,45,synced,1,2,3,-1,1,0,1,3,11,14,-8,6,-4,4,-2,-9.0,-8.17,8.17,2,1,0,0,1,0,1,1,1,
schedule-760507,美国 vs 比利时,2026-07-07T01:23:04.117Z,59,synced,1,3,4,-2,2,0,1,3,12,15,-9,7,-5,5,-3,1.2000000000000028,-9.664,9.664,1,1,0,0,1,0,1,1,1,
schedule-760507,美国 vs 比利时,2026-07-07T01:24:50.938Z,60,synced,1,3,4,-2,2,0,1,3,12,15,-9,7,-5,5,-3,4.400000000000006,-9.568,9.568,1,1,0,0,1,0,1,1,1,
schedule-760507,美国 vs 比利时,2026-07-07T01:26:43.823Z,62,synced,1,3,4,-2,2,0,1,3,12,15,-9,7,-5,5,-3,5.200000000000003,-9.543999999999999,9.543999999999999,1,1,0,0,1,0,1,1,1,
schedule-760507,美国 vs 比利时,2026-07-07T01:35:54.656Z,72,synced,1,3,4,-2,2,0,1,4,13,17,-9,7,-5,7,-3,11.400000000000006,-9.357999999999999,9.357999999999999,1,1,0,0,1,0,1,1,1,
schedule-760507,美国 vs 比利时,2026-07-07T01:37:51.986Z,74,synced,1,3,4,-2,2,0,1,4,13,17,-9,7,-5,7,-3,11.0,-9.37,9.37,1,1,0,0,1,0,1,1,1,
schedule-760508,瑞士 vs 哥伦比亚,2026-07-07T20:23:48.825Z,23,synced,0,0,0,0,0,1,0,0,2,2,-2,1,-1,3,-1,-16.200000000000003,-2.636,,0,0,0,0,0,1,0,0,,1
schedule-760508,瑞士 vs 哥伦比亚,2026-07-07T20:38:24.509Z,37,synced,0,0,0,0,0,1,0,2,3,5,-1,3,1,3,-1,4.599999999999994,0.5379999999999999,,0,0,0,0,0,1,0,0,,1
schedule-760508,瑞士 vs 哥伦比亚,2026-07-07T21:13:18.523Z,54,synced,0,0,0,0,0,1,0,3,5,8,-2,3,1,5,-3,1.5999999999999943,-0.6019999999999999,,0,0,0,0,0,1,0,0,,1
schedule-760508,瑞士 vs 哥伦比亚,2026-07-07T21:14:33.917Z,55,synced,0,0,0,0,0,1,0,4,5,9,-1,3,1,5,-3,-0.20000000000000284,-0.30599999999999977,,0,0,0,0,0,1,0,0,,1
schedule-760508,瑞士 vs 哥伦比亚,2026-07-07T21:32:44.307Z,72,synced,0,0,0,0,0,1,0,5,7,12,-2,4,0,5,-3,2.5999999999999943,-1.672,,0,0,0,0,0,1,0,0,,1
schedule-760508,瑞士 vs 哥伦比亚,2026-07-07T21:46:25.534Z,86,synced,0,0,0,0,0,1,0,5,7,12,-2,4,0,6,-2,4.799999999999997,-1.256,,0,0,0,0,0,1,0,0,,1
schedule-760509,阿根廷 vs 埃及,2026-07-07T16:25:41.195Z,24,synced,0,1,1,-1,1,0,0,1,1,2,0,2,0,1,-1,10.0,-0.04999999999999999,0.04999999999999999,4,1,1,1,0,0,1,1,0,
schedule-760509,阿根廷 vs 埃及,2026-07-07T16:27:27.387Z,26,synced,0,1,1,-1,1,0,0,1,1,2,0,2,0,1,-1,10.0,-0.04999999999999999,0.04999999999999999,4,1,1,1,0,0,1,1,0,
schedule-760509,阿根廷 vs 埃及,2026-07-07T16:41:30.926Z,39,synced,0,1,1,-1,1,0,0,5,2,7,3,3,1,2,0,17.200000000000003,2.666,-2.666,4,1,1,1,0,0,1,1,0,
schedule-760509,阿根廷 vs 埃及,2026-07-07T17:29:45.992Z,65,synced,0,1,1,-1,1,0,0,11,2,13,9,5,3,3,1,22.400000000000006,7.4719999999999995,-7.4719999999999995,4,1,1,1,0,0,1,1,0,
schedule-760509,阿根廷 vs 埃及,2026-07-07T17:46:25.281Z,82,synced,1,2,3,-1,1,0,1,16,4,20,12,7,3,6,4,29.800000000000004,9.794,-9.794,2,1,1,1,0,0,1,1,0,
schedule-760509,阿根廷 vs 埃及,2026-07-07T17:46:55.484Z,82,synced,1,2,3,-1,1,0,1,16,4,20,12,7,3,6,4,29.800000000000004,9.794,-9.794,2,1,1,1,0,0,1,1,0,
schedule-760509,阿根廷 vs 埃及,2026-07-07T17:52:50.960Z,88,synced,2,2,4,0,0,1,1,18,4,22,14,8,4,7,5,30.199999999999996,11.956000000000001,,1,1,1,1,0,0,1,1,,0
schedule-760510,法国 vs 摩洛哥,2026-07-09T20:31:24.016Z,30,synced,0,0,0,0,0,1,0,7,0,7,7,2,2,3,1,17.0,5.51,,2,1,1,1,0,0,0,0,,0
schedule-760510,法国 vs 摩洛哥,2026-07-09T21:25:30.438Z,61,synced,1,0,1,1,1,0,0,16,2,18,14,5,5,5,1,3.0,10.839999999999998,10.839999999999998,1,1,1,1,0,0,0,0,1,
schedule-760510,法国 vs 摩洛哥,2026-07-09T21:31:37.798Z,67,synced,2,0,2,2,2,0,0,17,2,19,15,6,6,5,1,4.400000000000006,12.332,12.332,0,0,0,1,0,0,0,0,1,
schedule-760510,法国 vs 摩洛哥,2026-07-09T21:58:11.525Z,90,synced,2,0,2,2,2,0,0,20,4,24,16,8,6,10,0,-4.599999999999994,12.062,12.062,0,0,0,1,0,0,0,0,1,
schedule-760511,西班牙 vs 比利时,2026-07-10T19:37:20.275Z,35,synced,1,0,1,1,1,0,0,6,1,7,5,3,3,1,1,28.800000000000004,6.264,6.264,2,1,0,1,0,0,1,1,1,
schedule-760511,西班牙 vs 比利时,2026-07-10T19:43:01.731Z,42,synced,1,1,2,0,0,1,1,7,2,9,5,4,2,1,1,29.400000000000006,5.182,,1,1,1,1,0,0,1,1,,0
schedule-760511,西班牙 vs 比利时,2026-07-10T20:41:10.091Z,79,synced,1,1,2,0,0,1,1,14,4,18,10,7,3,6,4,35.199999999999996,9.256,,1,1,1,1,0,0,1,1,,0
schedule-760511,西班牙 vs 比利时,2026-07-10T20:43:14.782Z,81,synced,1,1,2,0,0,1,1,14,4,18,10,7,3,6,4,36.400000000000006,9.292000000000002,,1,1,1,1,0,0,1,1,,0
schedule-760512,挪威 vs 英格兰,2026-07-11T21:30:12.952Z,29,synced,0,0,0,0,0,1,0,0,1,1,-1,0,0,1,-1,-43.0,-1.99,,3,1,0,0,1,0,1,1,,0
schedule-760512,挪威 vs 英格兰,2026-07-11T21:40:54.443Z,39,synced,1,0,1,1,1,0,0,2,1,3,1,2,2,1,-1,-30.199999999999996,1.2940000000000005,1.2940000000000005,2,1,0,0,1,0,1,1,0,
schedule-760512,挪威 vs 英格兰,2026-07-11T21:45:40.410Z,44,synced,1,0,1,1,1,0,0,4,1,5,3,3,3,1,-1,-33.599999999999994,2.992,2.992,2,1,0,0,1,0,1,1,0,
schedule-760512,挪威 vs 英格兰,2026-07-11T21:49:12.796Z,45,synced,1,1,2,0,0,1,1,5,3,8,2,4,2,2,-2,-34.400000000000006,1.1680000000000001,,1,1,0,0,1,0,1,1,,0
schedule-760512,挪威 vs 英格兰,2026-07-11T22:22:14.328Z,59,synced,1,1,2,0,0,1,1,6,6,12,0,5,1,5,1,-27.599999999999994,0.6220000000000003,,1,1,0,0,1,0,1,1,,0
schedule-760512,挪威 vs 英格兰,2026-07-11T22:31:09.577Z,68,synced,1,1,2,0,0,1,1,6,6,12,0,5,1,5,1,-21.599999999999994,0.8020000000000004,,1,1,0,0,1,0,1,1,,0
schedule-760513,阿根廷 vs 瑞士,2026-07-12T01:13:06.944Z,12,synced,1,0,1,1,1,0,0,2,2,4,0,1,1,2,2,-10.0,1.5,1.5,3,1,1,1,0,0,1,1,1,
schedule-760513,阿根廷 vs 瑞士,2026-07-12T01:24:04.536Z,23,synced,1,0,1,1,1,0,0,3,3,6,0,2,0,2,2,-4.0,0.58,0.58,3,1,1,1,0,0,1,1,1,
schedule-760513,阿根廷 vs 瑞士,2026-07-12T01:25:12.846Z,24,synced,1,0,1,1,1,0,0,3,3,6,0,2,0,2,2,-4.0,0.58,0.58,3,1,1,1,0,0,1,1,1,
schedule-760513,阿根廷 vs 瑞士,2026-07-12T01:32:14.257Z,31,synced,1,0,1,1,1,0,0,3,3,6,0,2,0,2,2,-6.799999999999997,0.49600000000000005,0.49600000000000005,3,1,1,1,0,0,1,1,1,
schedule-760513,阿根廷 vs 瑞士,2026-07-12T01:34:08.585Z,33,synced,1,0,1,1,1,0,0,3,3,6,0,2,0,2,2,-3.200000000000003,0.6039999999999999,0.6039999999999999,3,1,1,1,0,0,1,1,1,
schedule-760513,阿根廷 vs 瑞士,2026-07-12T02:18:26.703Z,57,synced,1,0,1,1,1,0,0,6,5,11,1,2,0,4,2,-7.0,0.8399999999999999,0.8399999999999999,3,1,1,1,0,0,1,1,1,
schedule-760513,阿根廷 vs 瑞士,2026-07-12T02:18:57.021Z,57,synced,1,0,1,1,1,0,0,6,5,11,1,2,0,4,2,-7.0,0.8399999999999999,0.8399999999999999,3,1,1,1,0,0,1,1,1,
schedule-760513,阿根廷 vs 瑞士,2026-07-12T02:21:32.862Z,60,synced,1,0,1,1,1,0,0,6,5,11,1,2,0,4,2,-7.0,0.8399999999999999,0.8399999999999999,3,1,1,1,0,0,1,1,1,
schedule-760513,阿根廷 vs 瑞士,2026-07-12T02:22:39.982Z,61,synced,1,0,1,1,1,0,0,6,6,12,0,3,-1,4,2,-7.0,-0.6100000000000001,-0.6100000000000001,3,1,1,1,0,0,1,1,1,
schedule-760513,阿根廷 vs 瑞士,2026-07-12T02:30:31.540Z,69,synced,1,1,2,0,0,1,1,5,9,14,-4,6,-4,5,1,-7.799999999999997,-5.684000000000001,,2,1,1,1,0,0,1,1,,0
schedule-760513,阿根廷 vs 瑞士,2026-07-12T02:38:09.094Z,76,synced,1,1,2,0,0,1,1,5,9,14,-4,6,-4,5,1,-4.0,-5.570000000000001,,2,1,1,1,0,0,1,1,,0
